Method,Exact Term Accuracy,Relaxed Term Accuracy
No terminology,0.2621184919210054,0.27289048473967686
Basic prompting,0.7001795332136446,0.7414721723518851
Strong prompting,0.7414721723518851,0.8096947935368043
LoRA + basic prompt,0.6283662477558348,0.6355475763016158
