method,BLEU,term_accuracy,boilerplate_count
lora_basic,12.455549108615365,0.6283662477558348,157
lora_basic_cleaned,14.16859771233233,0.6265709156193896,83
lora_basic_cleaned_repaired,19.268173054963913,0.9281867145421903,36
qwen3b_selected_repaired,25.046981456177672,0.9676840215439856,0
