method,BLEU,term_accuracy,boilerplate_count
base_eval_basic,17.559673093885593,0.7090909090909091,0
lora_v2_basic,23.23628566721146,0.7727272727272727,0
lora_v2_strong,21.38025213517016,0.7727272727272727,0
lora_v2_basic_repaired,24.13954154728657,0.8818181818181818,0
