method,num_repeated_terms,avg_repeated_term_success,perfect_consistency_rate
base_basic,88,0.7257201738073099,0.5113636363636364
base_strong,88,0.7846378567341392,0.5909090909090909
qwen3b_basic,88,0.8889820780015508,0.7159090909090909
qwen3b_selected,88,0.91948110133594,0.8068181818181818
qwen3b_selected_repaired,88,0.9570320136852395,0.9090909090909091
qwen3b_strong,88,0.8913102802215704,0.7613636363636364
