method,BLEU,term_accuracy,boilerplate_count
qwen3b_no_term,22.9328679065064,0.2872531418312388,1
qwen3b_basic,20.373010202663394,0.8976660682226212,0
qwen3b_strong,24.583206898823985,0.8761220825852782,0
qwen3b_selected,24.89113248029905,0.9281867145421903,0
