method,BLEU,term_accuracy,boilerplate_count
base_basic,20.86073515236053,0.6982758620689655,1
base_strong,18.826400062788792,0.6810344827586207,2
base_translation_only,18.39797258717089,0.6896551724137931,2
base_basic_clean,20.321353665440547,0.6896551724137931,1
lora_basic,16.494620723900947,0.7327586206896551,27
lora_basic_cleaned,18.42423026126528,0.7327586206896551,9
