method,BLEU,term_accuracy,boilerplate_count
qwen3b_basic,20.373010202663394,0.8976660682226212,0
qwen3b_strong,24.583206898823985,0.8761220825852782,0
qwen3b_selected_repaired,25.046981456177672,0.9676840215439856,0
qwen3b_definition_prompt,22.577599793020337,0.8797127468581688,2
