model_method,BLEU,term_accuracy,boilerplate_count
Qwen2.5-0.5B basic,6.284928146957672,0.6379310344827587,23
Qwen2.5-1.5B basic,20.86073515236053,0.6982758620689655,1
Qwen3-1.7B clean basic,24.510348674573027,0.7672413793103449,0
Qwen2.5-3B basic,20.617793572246907,0.8879310344827587,0
SmolLM2-1.7B basic,6.725848691422054,0.7413793103448276,0
