method,BLEU,term_accuracy,boilerplate_count
qwen3b_strong,24.583206898823985,0.8761220825852782,0
qwen3b_selected,24.89113248029905,0.9281867145421903,0
qwen3b_selected_repaired,25.046981456177672,0.9676840215439856,0
