method,BLEU,term_accuracy,boilerplate_count
base_eval_no_term,19.093238299606252,0.3,0
base_eval_basic,17.559673093885593,0.7090909090909091,0
base_eval_strong,15.330835298468566,0.6636363636363637,0
lora_v2_no_term,20.981342856174017,0.3,1
lora_v2_basic,23.23628566721146,0.7727272727272727,0
lora_v2_strong,21.38025213517016,0.7727272727272727,0
